Timestamp,User Count,Type,Name,Requests/s,Failures/s,50%,66%,75%,80%,90%,95%,98%,99%,99.9%,99.99%,100%,Total Request Count,Total Failure Count,Total Median Response Time,Total Average Response Time,Total Min Response Time,Total Max Response Time,Total Average Content Size
1764783422,0,,Aggregated,0.000000,0.000000,N/A,N/A,N/A,N/A,N/A,N/A,N/A,N/A,N/A,N/A,N/A,0,0,0,0.0,0,0,0
1764783423,5,,Aggregated,0.000000,0.000000,N/A,N/A,N/A,N/A,N/A,N/A,N/A,N/A,N/A,N/A,N/A,0,0,0,0.0,0,0,0
1764783424,10,,Aggregated,0.000000,0.000000,N/A,N/A,N/A,N/A,N/A,N/A,N/A,N/A,N/A,N/A,N/A,0,0,0,0.0,0,0,0
1764783425,15,,Aggregated,0.000000,0.000000,2300,2300,2300,2300,2300,2300,2300,2300,2300,2300,2300,2,0,1342.6993169996422,1843.144386500171,1342.6993169996422,2343.5894560007,50.0
1764783426,20,,Aggregated,0.000000,0.000000,2300,2500,3500,3800,3800,3800,3800,3800,3800,3800,3800,9,0,2300.0,2449.3528597773143,1130.4215629988903,3832.428773999709,98.88888888888889
1764783427,25,,Aggregated,0.666667,0.000000,2300,2300,3500,3500,3800,3800,3800,3800,3800,3800,3800,12,0,2300.0,2270.8650549166123,571.6226390013617,3832.428773999709,101.33333333333333
1764783428,30,,Aggregated,0.666667,0.000000,2300,2300,2500,3500,3800,3800,3800,3800,3800,3800,3800,15,0,2300.0,2206.0388163331177,571.6226390013617,3832.428773999709,102.8
1764783429,35,,Aggregated,2.200000,0.000000,2300,2300,3000,3400,3800,3800,3800,3800,3800,3800,3800,19,0,2300.0,2306.339891052439,571.6226390013617,3832.428773999709,100.94736842105263
1764783430,40,,Aggregated,2.500000,0.000000,2300,3000,3400,3800,3900,4100,6900,6900,6900,6900,6900,25,0,2300.0,2702.926081199912,571.6226390013617,6936.562945998958,99.12
1764783431,45,,Aggregated,2.571429,0.000000,2700,3300,3500,3800,6900,7800,8700,8700,8700,8700,8700,29,0,2700.0,3123.633938965464,571.6226390013617,8692.90370499948,92.06896551724138
1764783432,50,,Aggregated,2.625000,0.000000,3000,3500,3900,4100,6900,7800,8700,8700,8700,8700,8700,32,0,2800.0,3345.57762568744,571.6226390013617,8692.90370499948,93.5
1764783433,55,,Aggregated,2.888889,0.000000,3300,3800,4300,4500,7100,7800,8700,8700,8700,8700,8700,36,0,3100.0,3624.462434888907,571.6226390013617,8692.90370499948,90.88888888888889
1764783434,60,,Aggregated,3.100000,0.000000,3500,4300,5000,5400,7000,7800,8700,8700,8700,8700,8700,42,0,3400.0,3893.2921961666225,571.6226390013617,8692.90370499948,89.14285714285714
1764783435,65,,Aggregated,3.100000,0.000000,3800,4900,5400,5900,7100,7800,8700,8700,8700,8700,8700,46,0,3800.0,4105.333757391315,571.6226390013617,8692.90370499948,85.56521739130434
1764783434,70,,Aggregated,3.700000,0.000000,3900,5200,5500,6900,7800,8500,8700,8700,8700,8700,8700,49,0,3900.0,4313.166000591824,571.6226390013617,8692.90370499948,83.22448979591837
1764783435,75,,Aggregated,3.100000,0.000000,4100,5300,6900,7000,7800,8500,8500,8700,8700,8700,8700,51,0,4100.0,4455.683254607827,571.6226390013617,8692.90370499948,83.56862745098039
1764783436,80,,Aggregated,3.700000,0.000000,4300,5400,6900,7100,7800,8500,8700,9800,9800,9800,9800,54,0,4200.0,4657.104643074086,571.6226390013617,9762.474121000196,83.25925925925925
1764783437,85,,Aggregated,4.600000,0.000000,4900,6900,7400,7800,8500,9800,9800,10000,10000,10000,10000,60,0,4700.0,5054.342901600013,571.6226390013617,10084.192435999284,82.73333333333333
1764783438,90,,Aggregated,4.300000,0.000000,5300,7400,7900,8500,9800,10000,10000,10000,10000,10000,10000,67,0,5300.0,5530.729576925407,571.6226390013617,10385.767131998364,80.32835820895522
1764783439,95,,Aggregated,4.800000,0.000000,5500,7800,8200,8500,9800,10000,10000,10000,10000,10000,10000,73,0,5500.0,5795.558060958922,571.6226390013617,10385.767131998364,80.24657534246575
1764783440,100,,Aggregated,5.100000,0.000000,6900,8100,8500,8900,9800,10000,10000,12000,12000,12000,12000,79,0,6900.0,6101.901580088684,571.6226390013617,11514.692580001793,81.24050632911393
1764783441,105,,Aggregated,5.400000,0.000000,6900,8100,8500,8900,10000,10000,10000,12000,12000,12000,12000,80,0,6900.0,6150.680376162565,571.6226390013617,11514.692580001793,80.85
1764783442,110,,Aggregated,5.400000,0.000000,7000,8200,8700,9200,10000,10000,13000,13000,13000,13000,13000,82,0,6900.0,6318.567990500061,571.6226390013617,13160.739400000239,80.0
1764783443,115,,Aggregated,5.300000,0.000000,7400,8500,9600,9800,11000,12000,13000,13000,13000,13000,13000,89,0,7400.0,6747.279659224823,571.6226390013617,13282.92098700149,80.56179775280899
1764783444,120,,Aggregated,5.100000,0.000000,7600,8900,9800,10000,11000,13000,13000,14000,14000,14000,14000,94,0,7500.0,7035.435631468181,571.6226390013617,13893.008641000051,78.85106382978724
1764783445,125,,Aggregated,5.300000,0.000000,7800,9200,10000,11000,12000,13000,14000,14000,14000,14000,14000,99,0,7800.0,7340.773418676872,571.6226390013617,13893.008641000051,78.16161616161617
1764783446,130,,Aggregated,5.600000,0.000000,7900,9700,10000,11000,13000,13000,14000,14000,15000,15000,15000,103,0,7900.0,7563.918378835066,571.6226390013617,15047.989560000133,77.02912621359224
1764783447,135,,Aggregated,5.600000,0.000000,8100,9800,10000,11000,13000,13000,14000,14000,15000,15000,15000,105,0,8100.0,7673.079662323929,571.6226390013617,15047.989560000133,76.51428571428572
1764783448,140,,Aggregated,5.000000,0.000000,8100,9800,11000,11000,13000,14000,14000,14000,15000,15000,15000,107,0,8100.0,7780.7138593552645,571.6226390013617,15047.989560000133,76.01869158878505
1764783449,145,,Aggregated,5.100000,0.000000,8400,10000,11000,12000,13000,14000,15000,16000,17000,17000,17000,111,0,8400.0,8049.004692603743,571.6226390013617,16848.867929000335,75.009009009009
1764783450,150,,Aggregated,4.100000,0.000000,8500,10000,12000,13000,14000,15000,17000,17000,17000,17000,17000,115,0,8500.0,8308.498206017515,571.6226390013617,16929.352754999854,74.8695652173913
1764783451,155,,Aggregated,3.900000,0.000000,8700,11000,13000,13000,15000,17000,17000,18000,18000,18000,18000,122,0,8500.0,8797.497760041104,571.6226390013617,18015.928802000417,74.78688524590164
1764783452,160,,Aggregated,3.900000,0.000000,8900,11000,13000,13000,15000,17000,18000,18000,18000,18000,18000,124,0,8700.0,8941.207852314634,571.6226390013617,18172.22050700002,75.06451612903226
1764783453,165,,Aggregated,3.800000,0.000000,8900,11000,13000,14000,17000,17000,18000,18000,19000,19000,19000,130,1,8900.0,9183.160876953942,571.6226390013617,19254.314040999816,76.3076923076923
1764783454,170,,Aggregated,4.200000,0.000000,8700,11000,13000,14000,17000,17000,18000,18000,19000,19000,19000,140,9,8500.0,8792.472203085814,133.61001799967198,19254.314040999816,83.05714285714286
1764783455,175,,Aggregated,4.200000,0.100000,8500,11000,13000,14000,16000,17000,18000,19000,21000,21000,21000,151,19,8500.0,8312.17875388753,133.61001799967198,20516.5196199996,89.89403973509934
1764783456,180,,Aggregated,4.500000,0.800000,7900,10000,13000,14000,17000,18000,19000,21000,21000,21000,21000,174,36,7900.0,7909.971759609287,130.15825399997993,21230.00451400003,100.80459770114942
1764783457,185,,Aggregated,5.100000,1.700000,6900,10000,12000,13000,17000,18000,19000,21000,21000,21000,21000,197,58,6900.0,7103.8744116548805,130.15825399997993,21230.00451400003,110.50761421319797
1764783458,190,,Aggregated,6.700000,3.300000,5000,9700,12000,13000,17000,19000,21000,21000,23000,23000,23000,228,83,4900.0,6708.082827925511,130.15825399997993,22523.571663999974,118.75438596491227
1764783459,195,,Aggregated,8.400000,5.000000,2800,8500,11000,13000,17000,19000,21000,22000,23000,23000,23000,271,120,2800.0,6136.988564169831,130.15825399997993,22523.571663999974,126.91512915129151
1764783460,200,,Aggregated,11.500000,7.800000,620,7900,10000,13000,18000,20000,22000,22000,23000,23000,23000,314,157,590.0,5733.904291184802,130.15825399997993,23007.70962000024,133.4140127388535
1764783461,200,,Aggregated,14.500000,10.800000,510,6900,9800,12000,18000,21000,22000,22000,23000,23000,23000,363,201,510.0,5267.165504322398,129.56332700014173,23007.70962000024,139.366391184573
1764783462,200,,Aggregated,18.400000,14.400000,250,4100,8900,11000,17000,21000,22000,23000,24000,24000,24000,410,245,250.0,4844.338550887852,129.56332700014173,23823.502770999767,144.12682926829268
1764783463,200,,Aggregated,22.300000,17.900000,140,2300,8200,10000,17000,21000,22000,23000,25000,25000,25000,462,292,140.0,4561.03088530524,129.25994800025364,24523.2466890011,147.94805194805195
1764783464,200,,Aggregated,26.900000,22.800000,140,580,7100,9800,17000,21000,22000,23000,25000,25000,25000,513,341,140.0,4210.510208512731,129.25994800025364,24523.2466890011,151.58284600389862
1764783465,200,,Aggregated,31.200000,27.200000,130,510,5300,8900,17000,21000,23000,24000,26000,26000,26000,570,394,130.0,3977.14884992637,129.25994800025364,26105.072394000672,154.73684210526315
1764783464,200,,Aggregated,22.300000,17.900000,130,450,3800,8200,17000,21000,23000,24000,26000,26000,26000,628,448,130.0,3779.9784783232863,129.25994800025364,26105.072394000672,157.37579617834396
1764783465,200,,Aggregated,31.200000,27.200000,130,210,2500,7800,17000,21000,24000,26000,27000,27000,27000,693,506,130.0,3694.359074747505,129.25994800025364,27072.496449000027,159.3910533910534
1764783466,200,,Aggregated,36.500000,32.400000,130,140,620,6900,15000,21000,24000,26000,27000,27000,27000,755,566,130.0,3470.319185091425,129.25994800025364,27470.988810000563,161.52847682119204
1764783467,200,,Aggregated,46.900000,42.000000,130,140,540,4900,15000,21000,24000,26000,28000,28000,28000,817,623,130.0,3379.8554819021188,129.25994800025364,27822.700585998973,163.03794369645044
1764783468,200,,Aggregated,57.200000,51.800000,130,140,480,3400,15000,21000,25000,26000,29000,29000,29000,894,695,130.0,3253.2946617953453,129.25994800025364,29436.45836900032,164.662192393736
1764783469,200,,Aggregated,62.600000,57.100000,130,140,250,2300,14000,21000,26000,27000,29000,29000,29000,965,763,130.0,3110.679063518186,129.25994800025364,29436.45836900032,166.08290155440415
1764783470,200,,Aggregated,67.000000,61.500000,130,140,190,590,14000,21000,26000,27000,29000,29000,29000,1030,825,130.0,3005.5696003456824,129.25994800025364,29436.45836900032,167.2621359223301
1764783471,200,,Aggregated,70.100000,64.700000,130,140,150,520,13000,21000,26000,27000,29000,30000,30000,1114,907,130.0,2840.3915507074125,129.25994800025364,30018.763347001368,168.72172351885098
1764783472,200,,Aggregated,72.700000,67.700000,130,140,140,480,13000,21000,26000,28000,30000,30000,30000,1187,976,130.0,2771.6335944372763,129.25994800025364,30245.649372000116,169.55181128896376
1764783473,200,,Aggregated,72.700000,67.700000,130,140,140,260,12000,21000,26000,28000,30000,31000,31000,1259,1045,130.0,2691.451151061208,129.25994800025364,30958.618753000337,170.3844320889595
1764783474,200,,Aggregated,78.500000,73.900000,130,140,150,230,12000,21000,27000,29000,32000,32000,32000,1351,1129,130.0,2702.039580755788,129.25994800025364,32145.480078999753,171.0096225018505
1764783475,200,,Aggregated,81.800000,77.200000,130,140,160,210,11000,21000,28000,30000,32000,32000,32000,1436,1209,130.0,2659.2414291734435,128.95756800025993,32145.480078999753,171.8300835654596
1764783476,200,,Aggregated,83.400000,78.400000,130,140,170,210,11000,22000,29000,31000,33000,33000,33000,1529,1294,130.0,2673.317147238764,128.95756800025993,33436.485656000514,172.42773054283845
1764783477,200,,Aggregated,80.600000,76.200000,130,140,180,210,10000,22000,29000,31000,33000,33000,33000,1614,1377,130.0,2580.539913629538,128.95756800025993,33436.485656000514,173.23420074349443
1764783478,200,,Aggregated,77.500000,73.100000,140,140,180,210,10000,22000,30000,31000,33000,35000,35000,1713,1467,140.0,2608.187318975521,128.95756800025993,34675.77608600004,173.6193812025686
1764783479,200,,Aggregated,78.500000,74.300000,130,140,170,200,8900,21000,29000,31000,33000,35000,35000,1815,1569,130.0,2469.1378194138115,128.95756800025993,34675.77608600004,174.53994490358127
1764783480,200,,Aggregated,81.300000,76.600000,130,140,170,200,8500,21000,30000,31000,35000,35000,35000,1918,1668,130.0,2411.374524121509,128.95756800025993,35433.01372699898,175.12200208550573
1764783481,200,,Aggregated,84.300000,79.900000,130,140,160,190,8400,22000,30000,32000,35000,36000,36000,2019,1762,130.0,2409.272942021321,128.95756800025993,36140.84615499996,175.46607231302625
1764783482,200,,Aggregated,87.600000,83.000000,130,140,160,180,7800,21000,31000,32000,36000,37000,37000,2125,1863,130.0,2377.0174759929646,128.95756800025993,36568.297425999845,175.98211764705883
1764783483,200,,Aggregated,89.300000,84.500000,130,140,150,170,5900,21000,31000,32000,36000,37000,37000,2241,1979,130.0,2260.9997371892277,128.95756800025993,36568.297425999845,176.70771976796073
1764783484,200,,Aggregated,93.300000,88.200000,130,140,150,170,4700,21000,31000,32000,36000,37000,37000,2348,2084,130.0,2192.9532580532673,128.95756800025993,36568.297425999845,177.26916524701875
1764783485,200,,Aggregated,97.000000,92.200000,140,140,140,170,3300,20000,30000,32000,36000,37000,37000,2453,2188,140.0,2118.8244918691703,128.95756800025993,36568.297425999845,177.7570322054627
1764783486,200,,Aggregated,98.800000,94.500000,140,140,140,160,2300,20000,30000,32000,37000,40000,40000,2565,2297,140.0,2076.75926111231,128.95756800025993,39533.19956799896,178.19493177387915
1764783487,200,,Aggregated,101.100000,97.100000,140,140,140,160,2100,20000,31000,32000,40000,41000,41000,2676,2402,140.0,2083.32251501124,128.95756800025993,41208.39545200033,178.39760837070253
1764783488,200,,Aggregated,103.300000,99.800000,140,140,140,160,580,20000,31000,33000,40000,41000,41000,2802,2523,140.0,2064.1470307366503,128.95756800025993,41208.39545200033,178.6952177016417
1764783489,200,,Aggregated,105.400000,102.100000,140,140,140,150,550,19000,31000,33000,41000,41000,41000,2912,2629,140.0,2045.9313130724895,128.95756800025993,41208.39545200033,178.95604395604394
1764783490,200,,Aggregated,107.800000,104.800000,130,140,140,150,510,19000,31000,33000,41000,42000,42000,3042,2756,130.0,2004.541451461901,128.43812900064222,41752.33752500026,179.28599605522683
1764783491,200,,Aggregated,108.500000,104.900000,130,140,140,150,500,18000,31000,33000,41000,42000,42000,3146,2859,130.0,1957.3660711821697,128.43812900064222,42101.604923000195,179.5944055944056
1764783492,200,,Aggregated,108.500000,104.900000,130,140,140,150,500,18000,31000,33000,41000,42000,42000,3161,2874,130.0,1949.166781864632,128.43812900064222,42101.604923000195,179.64378361278077
1764783493,200,,Aggregated,111.900000,108.400000,130,140,140,150,500,18000,31000,33000,41000,42000,42000,3162,2874,130.0,1949.072095994656,128.43812900064222,42101.604923000195,179.60278304870334
1764783494,200,,Aggregated,111.500000,108.300000,130,140,140,150,500,18000,31000,33000,41000,42000,42000,3166,2874,130.0,1950.1596399820278,128.43812900064222,42101.604923000195,179.52242577384712
1764783495,200,,Aggregated,93.300000,90.700000,130,140,140,150,510,18000,31000,33000,41000,42000,42000,3169,2874,130.0,1951.8357183887979,128.43812900064222,42101.604923000195,179.48311770274535
1764783493,200,,Aggregated,93.300000,90.700000,130,140,140,150,510,18000,31000,33000,41000,42000,42000,3171,2874,130.0,1952.1283247925264,128.43812900064222,42101.604923000195,179.42920214443393
1764783494,200,,Aggregated,105.000000,102.500000,130,140,140,150,520,18000,31000,33000,41000,42000,42000,3178,2874,130.0,1957.6063480028631,128.43812900064222,42101.604923000195,179.22215229704216
1764783495,200,,Aggregated,93.300000,90.700000,130,140,140,150,550,18000,31000,33000,41000,42000,42000,3187,2874,130.0,1965.533327868247,128.43812900064222,42101.604923000195,178.88358958267963
1764783496,200,,Aggregated,84.100000,81.300000,130,140,140,150,570,18000,31000,33000,41000,42000,42000,3194,2874,130.0,1976.1146877126184,128.43812900064222,42101.604923000195,178.62617407639323
1764783497,200,,Aggregated,74.000000,70.400000,130,140,140,160,760,18000,31000,33000,41000,42000,42000,3201,2874,130.0,1986.74296320903,128.43812900064222,42101.604923000195,178.45235863792564
1764783498,200,,Aggregated,64.100000,59.400000,130,140,140,160,2300,18000,31000,33000,41000,42000,42000,3215,2874,130.0,2014.1655082731284,128.43812900064222,42101.604923000195,177.9978227060653
1764783499,200,,Aggregated,54.200000,48.900000,140,140,140,160,2700,18000,31000,33000,41000,42000,42000,3221,2874,140.0,2021.9392658882673,128.43812900064222,42101.604923000195,177.86867432474386
1764783500,200,,Aggregated,41.900000,36.700000,140,140,140,160,3000,18000,31000,33000,41000,42000,42000,3229,2874,140.0,2038.1194174955433,128.43812900064222,42101.604923000195,177.71415298854134
1764783501,200,,Aggregated,33.200000,27.100000,140,140,140,160,3900,17000,31000,33000,41000,42000,42000,3245,2874,140.0,2074.106343959355,128.43812900064222,42101.604923000195,177.12881355932203
1764783502,200,,Aggregated,20.100000,13.900000,140,140,140,160,4700,17000,31000,33000,41000,42000,42000,3254,2874,140.0,2094.1157704948096,128.43812900064222,42101.604923000195,176.82513829133373
1764783503,200,,Aggregated,12.200000,4.800000,140,140,140,160,5200,17000,31000,33000,41000,42000,42000,3263,2874,140.0,2109.0828241238464,128.43812900064222,42101.604923000195,176.49616916947593
1764783504,200,,Aggregated,8.500000,0.000000,140,140,140,160,5400,17000,31000,33000,41000,42000,42000,3268,2874,140.0,2114.0442209437306,128.43812900064222,42101.604923000195,176.32711138310893
1764783505,200,,Aggregated,9.500000,0.000000,140,140,140,170,5600,17000,31000,33000,41000,42000,42000,3293,2874,140.0,2163.484986917131,128.43812900064222,42101.604923000195,175.54296993622836
1764783506,200,,Aggregated,9.800000,0.000000,140,140,140,170,6000,17000,31000,33000,41000,42000,42000,3306,2874,140.0,2190.3276245196944,128.43812900064222,42101.604923000195,175.17755595886268
1764783507,200,,Aggregated,9.500000,0.000000,140,140,140,170,6200,18000,31000,33000,41000,42000,42000,3314,2874,140.0,2213.9486966469863,128.43812900064222,42101.604923000195,174.95021122510562
1764783508,200,,Aggregated,10.600000,0.000000,140,140,150,170,6700,18000,31000,33000,41000,42000,42000,3328,2874,140.0,2245.481264644866,128.43812900064222,42101.604923000195,174.55198317307693
1764783509,200,,Aggregated,11.500000,0.000000,140,140,150,180,6900,18000,31000,33000,41000,42000,42000,3344,2874,140.0,2276.831432267677,128.43812900064222,42101.604923000195,174.11034688995215
1764783510,200,,Aggregated,11.600000,0.000000,140,140,150,180,7000,19000,31000,33000,41000,42000,42000,3351,2874,140.0,2287.8316300355455,128.43812900064222,42101.604923000195,173.9298716800955
1764783511,200,,Aggregated,11.300000,0.000000,140,140,150,180,7400,19000,31000,33000,41000,42000,42000,3362,2874,140.0,2318.4719284845664,128.43812900064222,42101.604923000195,173.67906008328376
1764783512,200,,Aggregated,12.300000,0.000000,140,140,150,190,7800,19000,31000,33000,41000,42000,42000,3375,2874,140.0,2355.2080253144036,128.43812900064222,42101.604923000195,173.32355555555554
1764783513,200,,Aggregated,11.700000,0.000000,140,140,150,190,7900,19000,31000,33000,41000,42000,42000,3389,2874,140.0,2386.6315790841286,128.43812900064222,42101.604923000195,173.0147536146356
1764783514,200,,Aggregated,11.900000,0.000000,140,140,150,200,8000,20000,31000,33000,41000,42000,42000,3399,2874,140.0,2434.7324110709365,128.43812900064222,42101.604923000195,172.75404530744336
1764783515,200,,Aggregated,12.000000,0.000000,140,140,150,200,8300,21000,31000,33000,41000,42000,42000,3413,2874,140.0,2480.5474414125742,128.43812900064222,42101.604923000195,172.35130383826547
1764783516,200,,Aggregated,12.500000,0.000000,140,140,160,200,8400,21000,31000,33000,41000,42000,42000,3422,2874,140.0,2495.665180611957,128.43812900064222,42101.604923000195,172.1008182349503
1764783517,200,,Aggregated,13.000000,0.000000,140,140,160,210,8400,21000,31000,33000,41000,42000,42000,3429,2874,140.0,2499.824664402193,128.43812900064222,42101.604923000195,171.87605715952174
1764783518,200,,Aggregated,11.800000,0.000000,140,140,160,210,8500,21000,31000,33000,41000,42000,42000,3443,2874,140.0,2541.4653364261153,128.43812900064222,42101.604923000195,171.5791460935231
1764783519,200,,Aggregated,11.100000,0.000000,140,140,160,210,8600,21000,31000,33000,41000,42000,42000,3458,2874,140.0,2580.0250023111967,128.43812900064222,42101.604923000195,171.12116830537883
1764783521,200,,Aggregated,11.200000,0.000000,140,140,160,220,8900,21000,31000,33000,41000,42000,42000,3470,2874,140.0,2641.7737662651634,128.43812900064222,42101.604923000195,170.82449567723344
1764783522,200,,Aggregated,11.400000,0.000000,140,140,160,230,9200,22000,31000,33000,41000,42000,42000,3486,2874,140.0,2713.2466766431785,128.43812900064222,42101.604923000195,170.4672977624785
1764783523,200,,Aggregated,11.400000,0.000000,140,140,170,230,9200,22000,31000,33000,41000,42000,42000,3495,2874,140.0,2734.6745146589747,128.43812900064222,42101.604923000195,170.25665236051503
1764783524,200,,Aggregated,11.800000,0.000000,140,140,170,240,9300,22000,31000,33000,41000,42000,42000,3511,2874,140.0,2760.8381125098595,128.43812900064222,42101.604923000195,169.90572486471092
1764783525,200,,Aggregated,11.800000,0.000000,140,140,170,250,9400,22000,31000,33000,41000,42000,42000,3520,2874,140.0,2777.5130697315662,128.43812900064222,42101.604923000195,169.66960227272727
1764783523,200,,Aggregated,11.800000,0.000000,140,140,170,250,9400,23000,31000,34000,41000,42000,42000,3525,2874,140.0,2806.504664042586,128.43812900064222,42101.604923000195,169.49758865248228
1764783524,200,,Aggregated,12.000000,0.000000,140,140,170,250,9600,23000,32000,35000,41000,42000,42000,3535,2874,140.0,2852.2938365273303,128.43812900064222,42101.604923000195,169.17652050919378
1764783525,200,,Aggregated,11.800000,0.000000,140,140,170,450,9800,24000,32000,36000,41000,42000,42000,3549,2874,140.0,2933.941128561598,128.43812900064222,42101.604923000195,168.80107072414765
1764783526,200,,Aggregated,12.500000,0.000000,140,140,180,490,9800,24000,32000,37000,41000,42000,42000,3564,2874,140.0,2992.7648098156883,128.43812900064222,42101.604923000195,168.49410774410774
1764783527,200,,Aggregated,13.300000,0.000000,140,140,180,510,10000,24000,32000,37000,41000,42000,42000,3575,2874,140.0,3028.439518035835,128.43812900064222,42101.604923000195,168.2760839160839
1764783528,200,,Aggregated,14.000000,0.000000,140,140,180,530,10000,24000,32000,37000,41000,42000,42000,3587,2874,140.0,3070.1829264667167,128.43812900064222,42101.604923000195,167.92389183161416
1764783529,200,,Aggregated,14.500000,0.000000,140,140,190,540,10000,24000,32000,37000,41000,42000,42000,3593,2874,140.0,3076.958770878406,128.43812900064222,42101.604923000195,167.79933203451154
1764783530,200,,Aggregated,14.800000,0.000000,140,140,190,590,10000,24000,32000,37000,41000,42000,42000,3605,2874,140.0,3105.802928777008,128.43812900064222,42101.604923000195,167.42607489597782
1764783531,200,,Aggregated,14.800000,0.000000,140,140,190,700,10000,25000,33000,38000,42000,44000,44000,3613,2874,140.0,3153.4922894121532,128.43812900064222,43686.4648640003,167.18488790478827
1764783532,200,,Aggregated,14.000000,0.000000,140,140,200,850,10000,25000,33000,38000,44000,45000,45000,3624,2874,140.0,3186.2091570571492,128.43812900064222,44770.85510199868,166.94729580573951
1764783533,200,,Aggregated,13.500000,0.000000,140,140,200,1100,11000,25000,33000,38000,45000,46000,46000,3634,2874,140.0,3229.4915592383345,128.43812900064222,45872.68917700021,166.69262520638415
1764783534,200,,Aggregated,13.100000,0.000000,140,140,210,1900,11000,25000,33000,38000,46000,47000,47000,3654,2874,140.0,3285.238426545733,128.43812900064222,46851.172046999636,166.1414887794198
1764783535,200,,Aggregated,13.000000,0.000000,140,140,210,2200,11000,25000,33000,38000,46000,47000,47000,3666,2874,140.0,3294.9212867228894,128.43812900064222,46851.172046999636,165.95335515548283
1764783536,200,,Aggregated,12.500000,0.000000,140,140,210,2500,11000,26000,35000,39000,48000,49000,49000,3682,2874,140.0,3389.2117917555975,128.43812900064222,48771.26298999974,165.58853883758826
1764783537,200,,Aggregated,12.400000,0.000000,140,140,220,2600,11000,26000,35000,39000,48000,50000,50000,3693,2874,140.0,3431.9830286669676,128.43812900064222,49919.35565499989,165.28757108042242
1764783538,200,,Aggregated,11.900000,0.000000,140,140,230,3100,12000,26000,36000,39000,48000,50000,50000,3717,2874,140.0,3521.600263607508,128.43812900064222,49919.35565499989,164.7497982243745
1764783539,200,,Aggregated,11.600000,0.000000,140,140,230,3300,12000,26000,36000,39000,48000,50000,50000,3728,2874,140.0,3545.3256645118304,128.43812900064222,49919.35565499989,164.43374463519314
1764783540,200,,Aggregated,11.900000,0.000000,140,140,240,3400,12000,26000,36000,39000,48000,52000,52000,3733,2874,140.0,3572.22788910075,128.43812900064222,51525.39504999913,164.34904902223414
1764783541,200,,Aggregated,13.000000,0.000000,140,140,240,3500,12000,27000,36000,39000,48000,52000,52000,3737,2874,140.0,3588.7107636328874,128.43812900064222,51525.39504999913,164.22344126304523
1764783542,200,,Aggregated,13.200000,0.000000,140,140,240,3700,12000,27000,37000,40000,48000,52000,52000,3746,2874,140.0,3645.0844805777097,128.43812900064222,51525.39504999913,164.01735184196477
1764783543,200,,Aggregated,12.800000,0.000000,140,140,250,3900,12000,29000,37000,40000,48000,52000,52000,3761,2874,140.0,3745.6677152776124,128.43812900064222,51525.39504999913,163.62642914118587
1764783544,200,,Aggregated,12.600000,0.000000,140,140,260,4100,13000,29000,38000,40000,48000,52000,52000,3773,2874,140.0,3791.753466976968,128.43812900064222,51525.39504999913,163.35409488470714
1764783545,200,,Aggregated,12.300000,0.000000,140,150,470,4400,13000,29000,38000,41000,48000,52000,52000,3792,2874,140.0,3887.643532967062,128.43812900064222,51525.39504999913,162.91587552742615
1764783546,200,,Aggregated,12.600000,0.000000,140,150,490,4700,13000,30000,38000,41000,48000,52000,52000,3800,2874,140.0,3911.1897770497626,128.43812900064222,51525.39504999913,162.76763157894737
1764783547,200,,Aggregated,11.900000,0.000000,140,150,500,4700,13000,29000,38000,41000,48000,52000,52000,3808,2874,140.0,3918.4830063561176,128.43812900064222,51525.39504999913,162.6000525210084
1764783548,200,,Aggregated,12.000000,0.000000,140,150,500,4800,13000,30000,38000,41000,48000,52000,52000,3813,2874,140.0,3943.6902243223435,128.43812900064222,51525.39504999913,162.473380540257
1764783549,200,,Aggregated,11.700000,0.000000,140,150,510,5000,14000,30000,38000,41000,48000,52000,52000,3823,2874,140.0,3999.6930645744433,128.43812900064222,51525.39504999913,162.26706774784202
1764783550,200,,Aggregated,11.300000,0.000000,140,150,510,5000,14000,30000,38000,41000,48000,52000,52000,3827,2874,140.0,4016.064893304963,128.43812900064222,51525.39504999913,162.19571465900182
1764783551,200,,Aggregated,9.300000,0.000000,140,150,550,5100,14000,31000,38000,41000,48000,52000,52000,3839,2874,140.0,4088.2487447924177,128.43812900064222,51525.39504999913,161.95441521229486
1764783552,200,,Aggregated,9.400000,0.000000,140,150,730,5300,14000,31000,39000,41000,48000,52000,52000,3860,2874,140.0,4161.134116373341,128.43812900064222,51525.39504999913,161.40129533678757
1764783553,200,,Aggregated,9.900000,0.000000,140,150,950,5400,15000,31000,39000,41000,48000,52000,52000,3875,2874,140.0,4237.038318718992,128.43812900064222,51525.39504999913,161.0763870967742
1764783554,200,,Aggregated,9.900000,0.000000,140,160,1300,5500,15000,31000,39000,41000,48000,52000,52000,3897,2874,140.0,4280.890973731355,128.43812900064222,51525.39504999913,160.69566333076725
1764783553,200,,Aggregated,9.900000,0.000000,140,160,1900,5600,16000,32000,39000,41000,48000,52000,52000,3920,2874,140.0,4355.520639342882,128.43812900064222,51525.39504999913,160.21760204081633
1764783554,200,,Aggregated,9.900000,0.000000,140,160,2100,5600,17000,32000,39000,41000,48000,52000,52000,3931,2874,140.0,4395.609861276798,128.43812900064222,51525.39504999913,160.04044772322564
1764783555,200,,Aggregated,11.800000,0.000000,140,160,2200,5700,17000,32000,39000,41000,48000,52000,52000,3952,2874,140.0,4416.698346981048,128.43812900064222,51525.39504999913,159.67535425101215
1764783556,200,,Aggregated,12.600000,0.000000,140,160,2300,5800,17000,32000,39000,41000,48000,52000,52000,3967,2874,140.0,4449.676621117748,128.43812900064222,51525.39504999913,159.3675321401563
1764783557,200,,Aggregated,15.200000,0.000000,140,170,2500,5800,17000,32000,39000,41000,48000,52000,52000,3982,2874,140.0,4469.34167506959,128.43812900064222,51525.39504999913,159.03892516323455
1764783558,200,,Aggregated,16.500000,0.000000,140,170,2600,5800,17000,32000,39000,41000,48000,52000,52000,3994,2874,140.0,4495.543337173787,128.43812900064222,51525.39504999913,158.79544316474713
1764783559,200,,Aggregated,16.900000,0.000000,140,170,2800,5900,17000,32000,39000,41000,48000,52000,52000,4012,2874,140.0,4523.700662217871,128.43812900064222,51525.39504999913,158.40902293120638
1764783560,200,,Aggregated,17.600000,0.000000,140,170,3000,6100,17000,32000,39000,41000,48000,52000,52000,4030,2874,140.0,4546.818913325336,128.43812900064222,51525.39504999913,158.04888337468984
1764783561,200,,Aggregated,18.300000,0.000000,140,180,3100,6100,18000,32000,39000,41000,48000,52000,52000,4050,2874,140.0,4579.412486694346,128.43812900064222,51525.39504999913,157.5716049382716
1764783562,200,,Aggregated,19.600000,0.000000,140,180,3400,6200,18000,31000,39000,41000,48000,52000,52000,4067,2874,140.0,4605.511874156405,128.43812900064222,51525.39504999913,157.27145315957708
1764783563,200,,Aggregated,20.800000,0.000000,140,180,3600,6300,18000,31000,39000,41000,48000,52000,52000,4085,2874,140.0,4627.784405673709,128.43812900064222,51525.39504999913,156.96621787025703
1764783564,200,,Aggregated,21.400000,0.000000,140,190,3800,6400,18000,31000,39000,41000,48000,52000,52000,4104,2874,140.0,4648.802596062158,128.43812900064222,51525.39504999913,156.65911306042884
1764783565,200,,Aggregated,20.800000,0.000000,140,190,3800,6400,18000,31000,39000,41000,48000,52000,52000,4121,2874,140.0,4663.104152285391,128.43812900064222,51525.39504999913,156.30065518078138
1764783566,200,,Aggregated,19.800000,0.000000,140,200,3900,6400,18000,31000,39000,41000,48000,52000,52000,4140,2874,140.0,4675.015107762583,128.43812900064222,51525.39504999913,155.91521739130434
